Title,Link
Examining the latent structure and correlates of sensory reactivity in autism: a multi-site integrative data analysis by the autism sensory research consortium,https://www.ncbi.nlm.nih.govhttps://pmc.ncbi.nlm.nih.gov/articles/PMC10464466/
"Fundamental Behavioral and Neurophysiologic Relationships Between Sensory Processing, Intolerance of Uncertainty, and Autistic Traits in Children: A Hybrid Approach",https://www.ncbi.nlm.nih.govhttps://pmc.ncbi.nlm.nih.gov/articles/PMC10842387/
Longitudinal Relations Between Early Sensory Responsiveness and Later Communication in Infants with Autistic and Non-autistic Siblings,https://www.ncbi.nlm.nih.govhttps://pmc.ncbi.nlm.nih.gov/articles/PMC9707174/
"“I Wouldn’t Know Where to Start”: Perspectives from Clinicians, Agency Leaders, and Autistic Adults on Improving Community Mental Health Services for Autistic Adults",https://www.ncbi.nlm.nih.govhttps://pmc.ncbi.nlm.nih.gov/articles/PMC7192780/
"Language in autism: domains, profiles and co-occurring conditions",https://www.ncbi.nlm.nih.govhttps://pmc.ncbi.nlm.nih.gov/articles/PMC10033486/
Social Knowledge & Performance in Autism: A Critical Review & Recommendations,https://www.ncbi.nlm.nih.govhttps://pmc.ncbi.nlm.nih.gov/articles/PMC10613329/
"A Review of Decreased Sound Tolerance in Autism: Definitions, Phenomenology, and Potential Mechanisms",https://www.ncbi.nlm.nih.govhttps://pmc.ncbi.nlm.nih.gov/articles/PMC7855558/
Mental health in autistic adults: A rapid review of prevalence of psychiatric disorders and umbrella review of the effectiveness of interventions within a neurodiversity informed perspective,https://www.ncbi.nlm.nih.govhttps://pmc.ncbi.nlm.nih.gov/articles/PMC10343158/
Music therapy for autistic people,https://www.ncbi.nlm.nih.govhttps://pmc.ncbi.nlm.nih.gov/articles/PMC9082683/
Neural Correlates of Audiovisual Speech Processing in Autistic and Non-autistic Youth,https://www.ncbi.nlm.nih.govhttps://pmc.ncbi.nlm.nih.gov/articles/PMC10121891/
